<manifest><control namespace="K10" constructor="RoutingRuleVisualizer" version="0.0.1" display-name-key="RoutingRuleVisualizer" description-key="RoutingRuleVisualizer description" control-type="standard" api-version="1.3.4"><external-service-usage enabled="false" /><property name="sampleProperty" display-name-key="Property_Display_Key" description-key="Property_Desc_Key" of-type="SingleLine.Text" usage="bound" required="true" /><resources><code path="bundle.js" order="1" /><css path="css/RoutingRuleVisualizer.css" order="1" /></resources><feature-usage><uses-feature name="WebAPI" required="true" /><uses-feature name="Utility" required="true" /></feature-usage><built-by name="pac" version="1.15.3" /></control></manifest>