<manifest><control namespace="KR" constructor="KendoNestedGrid" version="1.0.7" display-name-key="KendoNestedGrid" description-key="KendoNestedGrid description" control-type="standard" api-version="1.3.4"><external-service-usage enabled="false" /><data-set name="parentDataset" display-name-key="Dataset_Display_Key" /><property name="hierarchyDetails" display-name-key="Hierarchy Details" description-key="" of-type="SingleLine.TextArea" usage="input" required="true" /><resources><code path="bundle.js" order="1" /></resources><feature-usage><uses-feature name="WebAPI" required="true" /></feature-usage><built-by name="pac" version="1.16.6" /></control></manifest>