<ImportExportXml xmlns:xsi="http://www.w3.org/2001/XMLSchema-instance">
  <Entities></Entities>
  <Roles></Roles>
  <Workflows></Workflows>
  <FieldSecurityProfiles></FieldSecurityProfiles>
  <Templates />
  <EntityMaps />
  <EntityRelationships />
  <OrganizationSettings />
  <optionsets />
  <CustomControls>
    <CustomControl>
      <Name>k10_K10.RoutingRuleVisualizer</Name>
      <FileName>/Controls/k10_K10.RoutingRuleVisualizer/ControlManifest.xml</FileName>
    </CustomControl>
    <CustomControl>
      <Name>k10_KR.KendoNestedGrid</Name>
      <FileName>/Controls/k10_KR.KendoNestedGrid/ControlManifest.xml</FileName>
    </CustomControl>
  </CustomControls>
  <EntityDataProviders />
  <Languages>
    <Language>1033</Language>
  </Languages>
</ImportExportXml>